# alpha,err_hub,lambda_hub,a_hub
1.000000000000000000e+01,2.425725131421494485e-01,3.979527764597684536e-01,9.641312482881863044e-01
1.009271514630571254e+01,2.406140306225523773e-01,3.886876553453293970e-01,9.640318849284277292e-01
1.018628990244687493e+01,2.386675463314391621e-01,3.793492903406516237e-01,9.639348227269151081e-01
1.028073223830865324e+01,2.367330697467271428e-01,3.699368134028738209e-01,9.638400966712488138e-01
1.037605019766911774e+01,2.348106083816385858e-01,3.604495796692096521e-01,9.637476609262758398e-01
1.047225189888434826e+01,2.329001677925401914e-01,3.508867739078223025e-01,9.636575482657723235e-01
1.056934553557988288e+01,2.310017516416706940e-01,3.412475679053283972e-01,9.635696397794498713e-01
1.066733937734857562e+01,2.291153617053662828e-01,3.315313371200601655e-01,9.634839137325753589e-01
1.076624177045493269e+01,2.272409979101004396e-01,3.217371754933626704e-01,9.634005294436709388e-01
1.086606113854597488e+01,2.253786583632404472e-01,3.118642024637593435e-01,9.633192122219054188e-01
1.096680598336868506e+01,2.235283393840266086e-01,3.019117540006307499e-01,9.632400354182528712e-01
1.106848488549412579e+01,2.216900355347455331e-01,2.918790142510380159e-01,9.631629514984367813e-01
1.117110650504824143e+01,2.198637396520730647e-01,2.817649435268791414e-01,9.630879054575132159e-01
1.127467958244946722e+01,2.180494428785573202e-01,2.715690473976052344e-01,9.630150062482984996e-01
1.137921293915315069e+01,2.162471346942194117e-01,2.612901835605776490e-01,9.629441003290152290e-01
1.148471547840289553e+01,2.144568029482452065e-01,2.509276925681093173e-01,9.628751302635516485e-01
1.159119618598885637e+01,2.126784338907428129e-01,2.404806038596344342e-01,9.628082140887543883e-01
1.169866413101307501e+01,2.109120122045469170e-01,2.299481921935684903e-01,9.627431596360143118e-01
1.180712846666190252e+01,2.091575210370388849e-01,2.193293568081705891e-01,9.626800683145081416e-01
1.191659843098559435e+01,2.074149420319704173e-01,2.086233991479441441e-01,9.626188343250621227e-01
1.202708334768512088e+01,2.056842553612594493e-01,1.978293966736640597e-01,9.625595000944549007e-01
1.213859262690627716e+01,2.039654397567438604e-01,1.869463579825020594e-01,9.625019823760947446e-01
1.225113576604118926e+01,2.022584725418707929e-01,1.759734988448203585e-01,9.624462350546858502e-01
1.236472235053714996e+01,2.005633296633015927e-01,1.649098383213775665e-01,9.623922942862066510e-01
1.247936205471310700e+01,1.988799857224123890e-01,1.537545227454917840e-01,9.623400109556780047e-01
1.259506464258357639e+01,1.972084140066772129e-01,1.425065904292217023e-01,9.622894970764871436e-01
1.271183996869028121e+01,1.955485865209090068e-01,1.311649573891301157e-01,9.622407866471567317e-01
1.282969797894147490e+01,1.939004740183465358e-01,1.197289044919225831e-01,9.621936100125860758e-01
1.294864871145904317e+01,1.922640460315709898e-01,1.081974074970531996e-01,9.621481143815638903e-01
1.306870229743346279e+01,1.906392709032345145e-01,9.656939702274705550e-02,9.621042767001402041e-01
1.318986896198669889e+01,1.890261158165871258e-01,8.484399033954462266e-02,9.620620092167744275e-01
1.331215902504307635e+01,1.874245468257882408e-01,7.302023523323378229e-02,9.620212495420114029e-01
1.343558290220825668e+01,1.858345288859892808e-01,6.109707025238576839e-02,9.619821417167347954e-01
1.356015110565633286e+01,1.842560258831733577e-01,4.907349873106043453e-02,9.619444542370219065e-01
1.368587424502518424e+01,1.826890006637422736e-01,3.694844941479739908e-02,9.619082893063006789e-01
1.381276302832009506e+01,1.811334150638368445e-01,2.472106303295391536e-02,9.618735618649336683e-01
1.394082826282577869e+01,1.795892299383805568e-01,1.239019772554375044e-02,9.618402509238229703e-01
1.407008085602685021e+01,1.780564051898365641e-01,-4.508746142827489960e-05,9.618083724367114673e-01
1.420053181653682373e+01,1.765348997966689204e-01,-1.258596961472704771e-02,9.617778575008636421e-01
1.433219225503573924e+01,1.750246718414962821e-01,-2.523358206159947992e-02,9.617487759038303441e-01
1.446507338521646346e+01,1.735256785389331924e-01,-3.798858809868535524e-02,9.617209892893209267e-01
1.459918652473978717e+01,1.720378762631091796e-01,-5.085258203855660269e-02,9.616944839648806642e-01
1.473454309619835101e+01,1.705612205748547883e-01,-6.382624467408032354e-02,9.616694102675353850e-01
1.487115462808953836e+01,1.690956662485578743e-01,-7.691087739421503811e-02,9.616454621288548221e-01
1.500903275579735840e+01,1.676411672986688473e-01,-9.010739273050785703e-02,9.616227855712116135e-01
1.514818922258345779e+01,1.661976770109998558e-01,-1.034172518417432601e-01,9.616014590508555893e-01
1.528863588058730194e+01,1.647651479478358105e-01,-1.168413380662057105e-01,9.615811808565208896e-01
1.543038469183564487e+01,1.633435320046521255e-01,-1.303808608180822282e-01,9.615622457223298447e-01
1.557344772926134269e+01,1.619327804141961202e-01,-1.440367523437554031e-01,9.615442698478269268e-01
1.571783717773162792e+01,1.605328437764967919e-01,-1.578105753077040929e-01,9.615274394656839752e-01
1.586356533508590516e+01,1.591436720832057894e-01,-1.717029704347510510e-01,9.615117830313415492e-01
1.601064461318317811e+01,1.577652147415740114e-01,-1.857155569780572502e-01,9.614972720320538180e-01
1.615908753895918437e+01,1.563974205980445120e-01,-1.998494466537157899e-01,9.614838124870185299e-01
1.630890675549332514e+01,1.550402379614701509e-01,-2.141057118836676709e-01,9.614713562830837779e-01
1.646011502308550689e+01,1.536936146259486602e-01,-2.284855157647617263e-01,9.614599671311674367e-01
1.661272522034293075e+01,1.523574978932769053e-01,-2.429903357213188675e-01,9.614495233937681018e-01
1.676675034527699992e+01,1.510318345950225627e-01,-2.576212381355369452e-01,9.614401990354581873e-01
1.692220351641037368e+01,1.497165711142081079e-01,-2.723793933520243238e-01,9.614316084797038808e-01
1.707909797389427808e+01,1.484116534066151072e-01,-2.872660853442861040e-01,9.614241855988818752e-01
1.723744708063619768e+01,1.471170270217005971e-01,-3.022827054594206531e-01,9.614175449577815336e-01
1.739726432343801577e+01,1.458326371231291052e-01,-3.174305123730517542e-01,9.614119649167403026e-01
1.755856331414468841e+01,1.445584285089225318e-01,-3.327106085354601950e-01,9.614071500723606611e-01
1.772135779080358375e+01,1.432943456312256725e-01,-3.481243730159079286e-01,9.614032697072862899e-01
1.788566161883461803e+01,1.420403326156882695e-01,-3.636733145048167692e-01,9.614001805210731222e-01
1.805148879221108160e+01,1.407963332804693657e-01,-3.793584911957743611e-01,9.613980282319257720e-01
1.821885343465167040e+01,1.395622911548581868e-01,-3.951812721378911153e-01,9.613965916529587652e-01
1.838776980082326773e+01,1.383381494975215453e-01,-4.111431616998585947e-01,9.613959808080112523e-01
1.855825227755518725e+01,1.371238513143719917e-01,-4.272453728113844162e-01,9.613960705893345171e-01
1.873031538506436533e+01,1.359193393760651514e-01,-4.434894160870610502e-01,9.613970148588155684e-01
1.890397377819221347e+01,1.347245562351242487e-01,-4.598764746491079691e-01,9.613987341660484853e-01
1.907924224765265109e+01,1.335394442426973693e-01,-4.764080307745133247e-01,9.614011381557565628e-01
1.925613572129197593e+01,1.323639455649476826e-01,-4.930856018489739312e-01,9.614042402981590740e-01
1.943466926536020267e+01,1.311980021990830636e-01,-5.099105010836959551e-01,9.614079944743387784e-01
1.961485808579430312e+01,1.300415559890235606e-01,-5.268843641926701515e-01,9.614125763905188027e-01
1.979671752951332664e+01,1.288945486407135910e-01,-5.440080686698689494e-01,9.614177077781002057e-01
1.998026308572549681e+01,1.277569217370826404e-01,-5.612835791320459622e-01,9.614234830792292019e-01
2.016551038724746547e+01,1.266286167526526896e-01,-5.787122327687481693e-01,9.614298853529048561e-01
2.035247521183576680e+01,1.255095750678039135e-01,-5.962956796366826184e-01,9.614369042742398896e-01
2.054117348353064187e+01,1.243997379826939920e-01,-6.140350285141382702e-01,9.614446201715758367e-01
2.073162127401230137e+01,1.232990467308441307e-01,-6.319322387236474547e-01,9.614528754993804105e-01
2.092383480396976836e+01,1.222074424923857983e-01,-6.499882770904534812e-01,9.614615218086608461e-01
2.111783044448243274e+01,1.211248664069797254e-01,-6.682053432617696132e-01,9.614710422255965394e-01
2.131362471841437767e+01,1.200512595864093868e-01,-6.865843953115655651e-01,9.614808903251156336e-01
2.151123430182166274e+01,1.189865631268502977e-01,-7.051274766373722969e-01,9.614913066123876861e-01
2.171067602537264918e+01,1.179307181258584247e-01,-7.238356581090974462e-01,9.615021883216675613e-01
2.191196687578148428e+01,1.168836656737246571e-01,-7.427112807741206302e-01,9.615136484388131510e-01
2.211512399725488720e+01,1.158453468954481203e-01,-7.617551836587144187e-01,9.615256512159976454e-01
2.232016469295233563e+01,1.148157029411884800e-01,-7.809692504000342872e-01,9.615379752377521960e-01
2.252710642645980244e+01,1.137946750021665565e-01,-8.003553212150384955e-01,9.615508485134369732e-01
2.273596682327716323e+01,1.127822043210993108e-01,-8.199148616966787095e-01,9.615642879758340422e-01
2.294676367231935998e+01,1.117782322023352926e-01,-8.396497455682435662e-01,9.615780750690137157e-01
2.315951492743153395e+01,1.107827000217083135e-01,-8.595611348285869813e-01,9.615921245225742542e-01
2.337423870891814914e+01,1.097955492361044616e-01,-8.796513447996533452e-01,9.616068501376024980e-01
2.359095330508635158e+01,1.088167213927559995e-01,-8.999216662987301607e-01,9.616217470613701579e-01
2.380967717380358195e+01,1.078461581382597068e-01,-9.203740025111744050e-01,9.616370708332453443e-01
2.403042894406968344e+01,1.068838012273283233e-01,-9.410100245073655945e-01,9.616529160453980429e-01
2.425322741760352940e+01,1.059295925312768727e-01,-9.618318861275347853e-01,9.616691065767009050e-01
2.447809157044441619e+01,1.049834740462509686e-01,-9.828406113535350652e-01,9.616855560196486685e-01
2.470504055456825299e+01,1.040453879012002147e-01,-1.004038527840656947e+00,9.617023785413476578e-01
2.493409369951879029e+01,1.031152763656018045e-01,-1.025427230900873621e+00,9.617195488816301374e-01
2.516527051405391546e+01,1.021930818569376509e-01,-1.047008679301108636e+00,9.617370296111014127e-01
2.539859068780725337e+01,1.012787469479321523e-01,-1.068784628983949769e+00,9.617548543587234322e-01
2.563407409296515027e+01,1.003722143735532590e-01,-1.090757053635668106e+00,9.617729030349709829e-01
2.587174078595921145e+01,9.947342703778017103e-02,-1.112927687784507569e+00,9.617913925590431123e-01
2.611161100917459521e+01,9.858232802014654794e-02,-1.135298246497942198e+00,9.618100405219845994e-01
2.635370519267393163e+01,9.769886058205723423e-02,-1.157871315901543907e+00,9.618290708671883849e-01
2.659804395593758386e+01,9.682296817288937874e-02,-1.180647990974581951e+00,9.618483130428920891e-01
2.684464810961962655e+01,9.595459443587861514e-02,-1.203630665281352652e+00,9.618676913564558895e-01
2.709353865732051503e+01,9.509368321379385591e-02,-1.226821217600875258e+00,9.618874394359566704e-01
2.734473679737579843e+01,9.424017855440935953e-02,-1.250221549602843929e+00,9.619074496944794994e-01
2.759826392466180423e+01,9.339402471577340492e-02,-1.273833797933554113e+00,9.619275866435108568e-01
2.785414163241766161e+01,9.255516617128023427e-02,-1.297660034689874120e+00,9.619480451868827053e-01
2.811239171408464088e+01,9.172354761455014938e-02,-1.321701940778567508e+00,9.619686784307759364e-01
2.837303616516211591e+01,9.089911396412153621e-02,-1.345961764097087787e+00,9.619894632549237379e-01
2.863609718508114454e+01,9.008181036795415153e-02,-1.370441470712740806e+00,9.620104470082446735e-01
2.890159717909508785e+01,8.927158220775854858e-02,-1.395143703011232361e+00,9.620317239478186622e-01
2.916955876018794669e+01,8.846837510314253805e-02,-1.420069834880442805e+00,9.620531254348646533e-01
2.944000475100033754e+01,8.767213491558978333e-02,-1.445222282084591470e+00,9.620747202390700359e-01
2.971295818577332781e+01,8.688280775226586705e-02,-1.470603387252733762e+00,9.620963670193296569e-01
2.998844231231027635e+01,8.610033996966404146e-02,-1.496214807380976897e+00,9.621182657115732173e-01
3.026648059395690638e+01,8.532467817708533353e-02,-1.522059279100830942e+00,9.621403168346998047e-01
3.054709671159968210e+01,8.455576923996410699e-02,-1.548138822729547837e+00,9.621625395119524082e-01
3.083031456568275530e+01,8.379356028303952542e-02,-1.574455554712235195e+00,9.621848409959699033e-01
3.111615827824359926e+01,8.303799869337735728e-02,-1.601011527558514613e+00,9.622072372613059699e-01
3.140465219496750748e+01,8.228903212324389926e-02,-1.627809617110558937e+00,9.622298723020610289e-01
3.169582088726115288e+01,8.154660849283978941e-02,-1.654851275623429263e+00,9.622525327051421051e-01
3.198968915434535987e+01,8.081067599289104564e-02,-1.682139591219408592e+00,9.622753502714276319e-01
3.228628202536730640e+01,8.008118308710754363e-02,-1.709676688641954767e+00,9.622982865903303429e-01
3.258562476153224452e+01,7.935807851450737971e-02,-1.737464659712218751e+00,9.623213317579636383e-01
3.288774285825510191e+01,7.864131129161089362e-02,-1.765505457739128481e+00,9.623443059051793869e-01
3.319266204733187919e+01,7.793083071451167854e-02,-1.793803002191428630e+00,9.623676270875636263e-01
3.350040829913132967e+01,7.722658636558477063e-02,-1.822358145628131920e+00,9.623908942105200426e-01
3.381100782480683620e+01,7.652852809615051655e-02,-1.851173989277000942e+00,9.624142195182998627e-01
3.412448707852889385e+01,7.583660605710096370e-02,-1.880252675473303103e+00,9.624375437908645470e-01
3.444087275973821960e+01,7.515077068110365133e-02,-1.909597134683802100e+00,9.624610646500761924e-01
3.476019181541977332e+01,7.447097268896651912e-02,-1.939209701632087057e+00,9.624845602733892447e-01
3.508247144239790316e+01,7.379716309101480576e-02,-1.969092497915331696e+00,9.625081117815224019e-01
3.540773908965270067e+01,7.312929318836824955e-02,-1.999248708454106405e+00,9.625318552966664054e-01
3.573602246065786403e+01,7.246731457411192956e-02,-2.029680754170104962e+00,9.625556215217812017e-01
3.606734951574028258e+01,7.181117913436962930e-02,-2.060390786262263685e+00,9.625793373689728316e-01
3.640174847446137818e+01,7.116083904928149906e-02,-2.091381797602950954e+00,9.626030404786193317e-01
3.673924781802074335e+01,7.051624679388734940e-02,-2.122656516742375210e+00,9.626269687253526941e-01
3.707987629168168553e+01,6.987735513891868422e-02,-2.154217164868686751e+00,9.626506671660004510e-01
3.742366290721980704e+01,6.924411715150302626e-02,-2.186066586629423547e+00,9.626744330255179172e-01
3.777063694539364747e+01,6.861648619578275543e-02,-2.218207801839956694e+00,9.626982936242176603e-01
3.812082795843888050e+01,6.799441593344690560e-02,-2.250643613849236502e+00,9.627223017239791014e-01
3.847426577258502078e+01,6.737786032418791038e-02,-2.283376394686376987e+00,9.627461831225504474e-01
3.883098049059604762e+01,6.676677362607330579e-02,-2.316408767736734653e+00,9.627699864438745703e-01
3.919100249433402183e+01,6.616111039584660070e-02,-2.349744281641710675e+00,9.627939452004691256e-01
3.955436244734701745e+01,6.556082548914865527e-02,-2.383385113810040146e+00,9.628178465253824925e-01
3.992109129748049412e+01,6.496587406067266812e-02,-2.417334145343842611e+00,9.628416377305409890e-01
4.029122027951348173e+01,6.437621156424411240e-02,-2.451594590667879103e+00,9.628655290174452652e-01
4.066478091781853976e+01,6.379179375283738906e-02,-2.486169686907568455e+00,9.628894866505846029e-01
4.104180502904709016e+01,6.321257667852497875e-02,-2.521061469910370167e+00,9.629132807643197012e-01
4.142232472483893702e+01,6.263851669236153441e-02,-2.556273651939839908e+00,9.629370964051506832e-01
4.180637241455757902e+01,6.206957044421024250e-02,-2.591809084534800078e+00,9.629610195207540801e-01
4.219398080805024165e+01,6.150569488250678951e-02,-2.627670622683341062e+00,9.629848333081580947e-01
4.258518291843414261e+01,6.094684725396559699e-02,-2.663861181993867788e+00,9.630085678637203550e-01
4.298001206490793891e+01,6.039298510323276581e-02,-2.700384242355178266e+00,9.630322332200675906e-01
4.337850187558989035e+01,5.984406627248151089e-02,-2.737242481204323674e+00,9.630558698908003867e-01
4.378068629038166648e+01,5.930004890095852410e-02,-2.774439724005026697e+00,9.630795979747333035e-01
4.418659956385938870e+01,5.876089142447837865e-02,-2.811978477117302422e+00,9.631032081540380485e-01
4.459627626819091262e+01,5.822655257486886171e-02,-2.849862273089226683e+00,9.631268250853918245e-01
4.500975129608044512e+01,5.769699137936967759e-02,-2.888094001808262590e+00,9.631503163766930165e-01
4.542705986374043192e+01,5.717216715998585386e-02,-2.926677060195728153e+00,9.631737035550046455e-01
4.584823751389093616e+01,5.665203953279718263e-02,-2.965615190021226422e+00,9.631972271442919009e-01
4.627332011878688434e+01,5.613656840722458519e-02,-3.004911267383620910e+00,9.632206292892081523e-01
4.670234388327332908e+01,5.562571398525650856e-02,-3.044568927940551006e+00,9.632439277477005124e-01
4.713534534786906960e+01,5.511943676063535413e-02,-3.084591287813687188e+00,9.632672900390714110e-01
4.757236139187887147e+01,5.461769751800593653e-02,-3.124981640548247341e+00,9.632905260962622007e-01
4.801342923653449901e+01,5.412045733202708320e-02,-3.165743924278803689e+00,9.633137016104196260e-01
4.845858644816492955e+01,5.362767756644926109e-02,-3.206880583773923821e+00,9.633367151367973058e-01
4.890787094139589897e+01,5.313931987315667627e-02,-3.248395880489614918e+00,9.633597275984329134e-01
4.936132098237914079e+01,5.265534619117762105e-02,-3.290293907451390165e+00,9.633826809364023358e-01
4.981897519205160307e+01,5.217571874566440115e-02,-3.332577369352656582e+00,9.634055930196911977e-01
5.028087254942477813e+01,5.170040004684040014e-02,-3.375249932344372539e+00,9.634283957936328191e-01
5.074705239490465658e+01,5.122935288892072059e-02,-3.418315981419770555e+00,9.634511856082383918e-01
5.121755443364238403e+01,5.076254034900551382e-02,-3.461778518261199089e+00,9.634739315279832184e-01
5.169241873891598260e+01,5.029992578594333352e-02,-3.505640927657613926e+00,9.634964856914471909e-01
5.217168575554346432e+01,4.984147283917317317e-02,-3.549907457618799000e+00,9.635190448836159494e-01
5.265539630332755650e+01,4.938714542753852577e-02,-3.594581817286518266e+00,9.635413964059660330e-01
5.314359158053238730e+01,4.893690774808145960e-02,-3.639668357791630893e+00,9.635638402619361997e-01
5.363631316739240162e+01,4.849072427481049274e-02,-3.685169550554680207e+00,9.635861133679892720e-01
5.413360302965375581e+01,4.804855975745159213e-02,-3.731090961143808116e+00,9.636084130495418121e-01
5.463550352214875971e+01,4.761037922017363755e-02,-3.777434638037513004e+00,9.636304368965882272e-01
5.514205739240296111e+01,4.717614796030078494e-02,-3.824206282457955908e+00,9.636525298605138623e-01
5.565330778427645697e+01,4.674583154699973875e-02,-3.871408609932229794e+00,9.636744353950977837e-01
5.616929824163803886e+01,4.631939581995347943e-02,-3.919046046447774767e+00,9.636962421260719669e-01
5.669007271207433973e+01,4.589680688801900388e-02,-3.967122791516936253e+00,9.637179190396945039e-01
5.721567555063246147e+01,4.547803112786441559e-02,-4.015643792156204483e+00,9.637397516549782717e-01
5.774615152359820058e+01,4.506303518259713314e-02,-4.064611335091161237e+00,9.637613211506339539e-01
5.828154581230840137e+01,4.465178596037300274e-02,-4.114030482672236033e+00,9.637827173076014553e-01
5.882190401699956084e+01,4.424425063299386451e-02,-4.163906283830005606e+00,9.638041693952079658e-01
5.936727216069120061e+01,4.384039663449268431e-02,-4.214241092075375228e+00,9.638254004050667012e-01
5.991769669310618696e+01,4.344019165970580687e-02,-4.265041082022534624e+00,9.638466369205197504e-01
6.047322449462642879e+01,4.304360366283521699e-02,-4.316310742434020575e+00,9.638678857056564020e-01
6.103390288028621313e+01,4.265060085599770012e-02,-4.368051882046385614e+00,9.638887854585378445e-01
6.159977960380162187e+01,4.226115170776867380e-02,-4.420271007473361102e+00,9.639097287612532483e-01
6.217090286163826818e+01,4.187522494171114218e-02,-4.472972208600325850e+00,9.639305553008143956e-01
6.274732129711574657e+01,4.149278953489976551e-02,-4.526159915780906928e+00,9.639513507630685929e-01
6.332908400455114872e+01,4.111381471643604790e-02,-4.579837953803703066e+00,9.639718299852400030e-01
6.391624053343998924e+01,4.073826996595730776e-02,-4.634013011085358791e+00,9.639924711190053230e-01
6.450884089267692900e+01,4.036612501213521220e-02,-4.688687651168954140e+00,9.640129118986322521e-01
6.510693555481454098e+01,3.999734983117209097e-02,-4.743867329776282560e+00,9.640333416353139562e-01
6.571057546036267638e+01,3.963191464528970087e-02,-4.799555294343189615e+00,9.640533692882740091e-01
6.631981202212668336e+01,3.926978992121288314e-02,-4.855757636206950778e+00,9.640734286199206249e-01
6.693469712958656714e+01,3.891094636864900203e-02,-4.912479805531413390e+00,9.640934538088407058e-01
6.755528315331639533e+01,3.855535494263850893e-02,-4.969725611441034197e+00,9.641133761491527121e-01
6.818162294944475832e+01,3.820298682646594557e-02,-5.027500344744131766e+00,9.641331577756739879e-01
6.881376986415662600e+01,3.785381345355576244e-02,-5.085808433881389590e+00,9.641528013725655377e-01
6.945177773823692746e+01,3.750780649025986513e-02,-5.144655811656142497e+00,9.641724927339558882e-01
7.009570091165618066e+01,3.716493783825658426e-02,-5.204046731163313844e+00,9.641920086646601495e-01
7.074559422819875465e+01,3.682517963301079611e-02,-5.263986850539341233e+00,9.642114110693198459e-01
7.140151304013396327e+01,3.648850424223315514e-02,-5.324479529799857502e+00,9.642306621197385130e-01
7.206351321293048784e+01,3.615488426434088076e-02,-5.385532456240031962e+00,9.642499273066196253e-01
7.273165113001454074e+01,3.582429252691277100e-02,-5.447148156450443146e+00,9.642688541296914329e-01
7.340598369757208275e+01,3.549670208515021130e-02,-5.509334463692980854e+00,9.642878137679081751e-01
7.408656834939560554e+01,3.517208622033241028e-02,-5.572095153011993318e+00,9.643067696936680200e-01
7.477346305177584895e+01,3.485041843827585417e-02,-5.635435614261253612e+00,9.643253455830755883e-01
7.546672630843886509e+01,3.453167246779309529e-02,-5.699360988785996618e+00,9.643439320918638646e-01
7.616641716552888397e+01,3.421582225915265063e-02,-5.763878755858828917e+00,9.643625568059125408e-01
7.687259521663727924e+01,3.390284198254023273e-02,-5.828992363580947966e+00,9.643809798329361360e-01
7.758532060787831597e+01,3.359270602652197901e-02,-5.894707579176857060e+00,9.643992223840889277e-01
7.830465404301182275e+01,3.328538899650967942e-02,-5.961030089026803758e+00,9.644173825824339241e-01
7.903065678861344168e+01,3.298086571322822458e-02,-6.027967411891531846e+00,9.644356377777071332e-01
7.976339067929272630e+01,3.267911121118505235e-02,-6.095522936039638573e+00,9.644536123888166612e-01
8.050291812295972704e+01,3.238010073714292503e-02,-6.163702242697128852e+00,9.644715034145407984e-01
8.124930210614047610e+01,3.208380974859625923e-02,-6.232511603691593294e+00,9.644890796718149639e-01
8.200260619934122985e+01,3.179021391224989834e-02,-6.301958595194037116e+00,9.645068105013433479e-01
8.276289456246342979e+01,3.149928910250165970e-02,-6.372049235808566081e+00,9.645245946074945120e-01
8.353023195026770509e+01,3.121101139992776830e-02,-6.442784266258763992e+00,9.645417312804008825e-01
8.430468371788967374e+01,3.092535708977606212e-02,-6.514176486483644446e+00,9.645591762350105292e-01
8.508631582640572333e+01,3.064230266045742113e-02,-6.586227836885893083e+00,9.645764104932401661e-01
8.587519484845171291e+01,3.036182480204674405e-02,-6.658947472289018066e+00,9.645937226681970955e-01
8.667138797389225147e+01,3.008390040478503558e-02,-6.732337406601105911e+00,9.646106226973940601e-01
8.747496301554414799e+01,2.980850655759081924e-02,-6.806406160282288731e+00,9.646274156357619312e-01
8.828598841495141869e+01,2.953562054656977409e-02,-6.881160484351887874e+00,9.646441461745169921e-01
8.910453324821513377e+01,2.926521985353525146e-02,-6.956608748928015729e+00,9.646609817959247435e-01
8.993066723187614286e+01,2.899728215453256652e-02,-7.032752223179492113e+00,9.646774354299962884e-01
9.076446072885356386e+01,2.873178531836706462e-02,-7.109601463620064621e+00,9.646939782116640272e-01
9.160598475443700295e+01,2.846870740513995912e-02,-7.187162122784922502e+00,9.647104224139759765e-01
9.245531098233570333e+01,2.820802666478861020e-02,-7.265438999584422852e+00,9.647266077591709621e-01
9.331251175078240578e+01,2.794972153563390904e-02,-7.344440798415188709e+00,9.647427202147819125e-01
9.417766006869518947e+01,2.769377064293143675e-02,-7.424174423826650937e+00,9.647588357730226827e-01
9.505082962189501927e+01,2.744015279743217128e-02,-7.504646180051515181e+00,9.647748383214491685e-01
9.593209477938241037e+01,2.718884699394630289e-02,-7.585861039009124340e+00,9.647906124854899179e-01
9.682153059967076558e+01,2.693983240991593142e-02,-7.667828422711668424e+00,9.648063111195449570e-01
9.771921283717991003e+01,2.669308840399198246e-02,-7.750554165057390144e+00,9.648218770331644656e-01
9.862521794868774805e+01,2.644859451461933908e-02,-7.834046653012233463e+00,9.648376131412009782e-01
9.953962309984228796e+01,2.620633045862952315e-02,-7.918309589340466914e+00,9.648528416360868665e-01
1.004625061717340344e+02,2.596627612983781752e-02,-8.003352588506281506e+00,9.648680149374193604e-01
1.013939457675291749e+02,2.572841159764793773e-02,-8.089185124389359771e+00,9.648834217457576967e-01
1.023340212191641285e+02,2.549271710566580751e-02,-8.175810192798900644e+00,9.648984366615545039e-01
1.032828125941027508e+02,2.525917307031821935e-02,-8.263237731376197104e+00,9.649134013806672794e-01
1.042404007021555827e+02,2.502776007947904446e-02,-8.351474966100141728e+00,9.649283881329517865e-01
1.052068671023622812e+02,2.479845889110299240e-02,-8.440527845209322422e+00,9.649430277777739651e-01
1.061822941099383542e+02,2.457125043186758617e-02,-8.530405067292267773e+00,9.649576146880591843e-01
1.071667648032862274e+02,2.434611579582024454e-02,-8.621118654248526525e+00,9.649725723614640538e-01
1.081603630310709434e+02,2.412303624303557825e-02,-8.712667010519869137e+00,9.649869057984231668e-01
1.091631734193614705e+02,2.390199319827801538e-02,-8.805063850215169907e+00,9.650012962571535846e-01
1.101752813788386192e+02,2.368296824967175418e-02,-8.898316046100626764e+00,9.650153858910426319e-01
1.111967731120697778e+02,2.346594314738181808e-02,-8.992434112851142913e+00,9.650296823593016438e-01
1.122277356208507086e+02,2.325089980229755326e-02,-9.087421783685361021e+00,9.650437927602154575e-01
1.132682567136153722e+02,2.303782028472811660e-02,-9.183289543099085961e+00,9.650578114395065299e-01
1.143184250129149149e+02,2.282668682310418085e-02,-9.280044812251215802e+00,9.650717990456832984e-01
1.153783299629659638e+02,2.261748180268496888e-02,-9.377694512842477792e+00,9.650853911051181511e-01
1.164480618372685541e+02,2.241018776427927683e-02,-9.476249811523690170e+00,9.650990553443470343e-01
1.175277117462945142e+02,2.220478740296738529e-02,-9.575721279290718257e+00,9.651130342805100959e-01
1.186173716452478004e+02,2.200126356683407280e-02,-9.676109873685778240e+00,9.651264706408528848e-01
1.197171343418965677e+02,2.179959925571117729e-02,-9.777425125601876488e+00,9.651395815595890104e-01
1.208270935044775882e+02,2.159977761992548650e-02,-9.879681993802822859e+00,9.651528766362986733e-01
1.219473436696738275e+02,2.140178195905395597e-02,-9.982885960406857606e+00,9.651660508023769403e-01
1.230779802506664566e+02,2.120559572069069532e-02,-1.008704539831291669e+01,9.651792180650136110e-01
1.242190995452616136e+02,2.101120249921595295e-02,-1.019216901590479907e+01,9.651921275316464044e-01
1.253707987440919709e+02,2.081858603458086598e-02,-1.029826840712966707e+01,9.652051734186596343e-01
1.265331759388942885e+02,2.062773021109221006e-02,-1.040534886628836375e+01,9.652179942964163040e-01
1.277063301308643446e+02,2.043861905621069397e-02,-1.051342134203303047e+01,9.652307080088635693e-01
1.288903612390891453e+02,2.025123673935524948e-02,-1.062249480236559585e+01,9.652433507967810300e-01
1.300853701090570667e+02,2.006556757071464858e-02,-1.073257701461492708e+01,9.652557937761120366e-01
1.312914585212463976e+02,1.988159600006866867e-02,-1.084368169303166418e+01,9.652683844051184181e-01
1.325087291997951127e+02,1.969930661561614116e-02,-1.095581362374449697e+01,9.652806999084180273e-01
1.337372858212494862e+02,1.951868414281165975e-02,-1.106898270994057043e+01,9.652927809964191308e-01
1.349772330233941773e+02,1.933971344320983832e-02,-1.118320039599580795e+01,9.653048318369747971e-01
1.362286764141645392e+02,1.916237951331711820e-02,-1.129847894042123357e+01,9.653170233868529904e-01
1.374917225806417775e+02,1.898666748345378963e-02,-1.141482702984523812e+01,9.653292488501334923e-01
1.387664790981307021e+02,1.881256261662000995e-02,-1.153224681995884282e+01,9.653409124195613256e-01
1.400530545393219768e+02,1.864005030737470037e-02,-1.165075602639003272e+01,9.653525827539124471e-01
1.413515584835394350e+02,1.846911608071777344e-02,-1.177036530799347602e+01,9.653644372915703986e-01
1.426621015260735419e+02,1.829974559098324072e-02,-1.189108199375718122e+01,9.653760401984423645e-01
1.439847952876006616e+02,1.813192462073986988e-02,-1.201291475787126117e+01,9.653874355199596469e-01
1.453197524236895504e+02,1.796563907969783713e-02,-1.213587915033443210e+01,9.653989696065357062e-01
1.466670866343966964e+02,1.780087500362581565e-02,-1.225997943199284812e+01,9.654101352165032068e-01
1.480269126739507044e+02,1.763761855327494743e-02,-1.238523172604421951e+01,9.654214452282314785e-01
1.493993463605256125e+02,1.747585601330881033e-02,-1.251164637393316781e+01,9.654327743698010167e-01
1.507845045861051005e+02,1.731557379124604168e-02,-1.263922999919906154e+01,9.654438764566422027e-01
1.521825053264385588e+02,1.715675841640429411e-02,-1.276799510116908110e+01,9.654548768656685542e-01
1.535934676510895542e+02,1.699939653885729207e-02,-1.289795420221634359e+01,9.654657585378354501e-01
1.550175117335768959e+02,1.684347492839766147e-02,-1.302911434828547321e+01,9.654764668127002736e-01
1.564547588616095766e+02,1.668898047350664271e-02,-1.316149538043856992e+01,9.654873944909379002e-01
1.579053314474174101e+02,1.653590018033335163e-02,-1.329510019382520625e+01,9.654981098657926530e-01
1.593693530381772803e+02,1.638422117168047976e-02,-1.342994048007576957e+01,9.655085419415749826e-01
1.608469483265355109e+02,1.623393068599732203e-02,-1.356603366086286400e+01,9.655191340951735368e-01
1.623382431612278083e+02,1.608501607638235242e-02,-1.370338903254005558e+01,9.655297752800977573e-01
1.638433645577983100e+02,1.593746480959112866e-02,-1.384201109827707654e+01,9.655399176405159434e-01
1.653624407094178821e+02,1.579126446505285664e-02,-1.398192490252482045e+01,9.655504208387375442e-01
1.668956009978023189e+02,1.564640273389517056e-02,-1.412312739749347656e+01,9.655604227457095234e-01
1.684429760042315252e+02,1.550286741797446410e-02,-1.426564323994247196e+01,9.655705516483017448e-01
1.700046975206716411e+02,1.536064642891665777e-02,-1.440947841855561506e+01,9.655805408680645519e-01
1.715808985610003106e+02,1.521972778716129682e-02,-1.455464503488109074e+01,9.655903845236930572e-01
1.731717133723352902e+02,1.508009962101741763e-02,-1.470116080039650441e+01,9.656003630790750414e-01
1.747772774464680765e+02,1.494175016572341086e-02,-1.484902995283390581e+01,9.656101004753787631e-01
1.763977275314043425e+02,1.480466776251709859e-02,-1.499827407849508809e+01,9.656200370772418662e-01
1.780332016430112105e+02,1.466884085770958634e-02,-1.514889513262745879e+01,9.656294449315316886e-01
1.796838390767719318e+02,1.453425800177066129e-02,-1.530091561160642044e+01,9.656390742779490388e-01
1.813497804196495338e+02,1.440090784841707716e-02,-1.545434476149694092e+01,9.656485301094346330e-01
1.830311675620611140e+02,1.426877915371171923e-02,-1.560919433332836448e+01,9.656579045444463327e-01
1.847281437099632342e+02,1.413786077516787643e-02,-1.576547403186929763e+01,9.656669173053635813e-01
1.864408533970485280e+02,1.400814167085906448e-02,-1.592321544714671155e+01,9.656766272334089685e-01
1.881694424970555701e+02,1.387961089854261587e-02,-1.608240973956955600e+01,9.656857694457022800e-01
1.899140582361933696e+02,1.375225761478104936e-02,-1.624308014495569807e+01,9.656948209874128830e-01
1.916748492056813120e+02,1.362607107407720619e-02,-1.640523711593101552e+01,9.657037116436629764e-01
1.934519653744044376e+02,1.350104062801427141e-02,-1.656890194150233242e+01,9.657127790613379004e-01
1.952455581016859014e+02,1.337715572440179024e-02,-1.673408348364688436e+01,9.657218537175981110e-01
1.970557801501796291e+02,1.325440590643012229e-02,-1.690079119463662138e+01,9.657305149777231090e-01
1.988827856988807810e+02,1.313278081183155699e-02,-1.706904527129472626e+01,9.657392231304749997e-01
2.007267303562568372e+02,1.301227017204587000e-02,-1.723885669968418455e+01,9.657477263191470707e-01
2.025877711735014941e+02,1.289286381139675974e-02,-1.741024536912222942e+01,9.657564282775382702e-01
2.044660666579113695e+02,1.277455164627117057e-02,-1.758322336030571620e+01,9.657649910219662237e-01
2.063617767863856614e+02,1.265732368430838584e-02,-1.775780619251235848e+01,9.657736833904083662e-01
2.082750630190514300e+02,1.254117002359267374e-02,-1.793400097086180978e+01,9.657819197929466970e-01
2.102060883130156128e+02,1.242608085185548106e-02,-1.811183059295388631e+01,9.657901388811458432e-01
2.121550171362447941e+02,1.231204644568228979e-02,-1.829131526834605381e+01,9.657987663272469270e-01
2.141220154815727312e+02,1.219905716972635723e-02,-1.847245404313035877e+01,9.658067529575011800e-01
2.161072508808376540e+02,1.208710347593044965e-02,-1.865527458316898546e+01,9.658148631813019414e-01
2.181108924191517815e+02,1.197617590275235067e-02,-1.883978938539204862e+01,9.658229093765413609e-01
2.201331107493028014e+02,1.186626507439880740e-02,-1.902601095335635861e+01,9.658306805528690253e-01
2.221740781062882490e+02,1.175736170006524972e-02,-1.921396393674082148e+01,9.658387253316174093e-01
2.242339683219844915e+02,1.164945657318128269e-02,-1.940365957962028176e+01,9.658466845104938248e-01
2.263129568399527329e+02,1.154254057066395056e-02,-1.959511149228152149e+01,9.658544798923907049e-01
2.284112207303820981e+02,1.143660465217566369e-02,-1.978833931397884527e+01,9.658622986362338514e-01
2.305289387051706171e+02,1.133163985938834273e-02,-1.998334826416126120e+01,9.658695236477125023e-01
2.326662911331457906e+02,1.122763731525511233e-02,-2.018018155840905337e+01,9.658775842249034405e-01
2.348234600554274039e+02,1.112458822328799002e-02,-2.037882930930477698e+01,9.658851096595331143e-01
2.370006292009325648e+02,1.102248386683868375e-02,-2.057931975757140464e+01,9.658925412970716939e-01
2.391979840020237305e+02,1.092131560838982551e-02,-2.078166923026405044e+01,9.659000502906194274e-01
2.414157116103017700e+02,1.082107488884864743e-02,-2.098589068366860033e+01,9.659072932993023608e-01
2.436540009125463655e+02,1.072175322684953969e-02,-2.119200386596256536e+01,9.659143946941028958e-01
2.459130425468041494e+02,1.062334221805905088e-02,-2.140003579865472716e+01,9.659218788988386262e-01
2.481930289186252594e+02,1.052583353448999226e-02,-2.160998512077112821e+01,9.659287399342600944e-01
2.504941542174502445e+02,1.042921892381953874e-02,-2.182188980100007569e+01,9.659359404745444522e-01
2.528166144331497946e+02,1.033349020871421331e-02,-2.203575660633612188e+01,9.659431349540854583e-01
2.551606073727181183e+02,1.023863928615931229e-02,-2.225160682583579330e+01,9.659501390025229117e-01
2.575263326771198535e+02,1.014465812679454793e-02,-2.246945947666920063e+01,9.659572361721544542e-01
2.599139918382932706e+02,1.005153877425657427e-02,-2.268932200284119816e+01,9.659639185327688615e-01
2.623237882163120958e+02,9.959273344525287897e-03,-2.291122890335934414e+01,9.659707334597865680e-01
2.647559270567064118e+02,9.867854025276789898e-03,-2.313519405519590322e+01,9.659776087253686416e-01
2.672106155079432597e+02,9.777273075241232902e-03,-2.336123423432287893e+01,9.659843372307586051e-01
2.696880626390692441e+02,9.687522823566441232e-03,-2.358936998762876414e+01,9.659910757542000681e-01
2.721884794575177011e+02,9.598595669188414448e-03,-2.381961824055915855e+01,9.659976219751198467e-01
2.747120789270808814e+02,9.510484080204051338e-03,-2.405199723207577023e+01,9.660039336053993786e-01
2.772590759860481171e+02,9.423180593252089565e-03,-2.428654034795675898e+01,9.660107260085037950e-01
2.798296875655115628e+02,9.336677812898042106e-03,-2.452324596820923830e+01,9.660168862273932344e-01
2.824241326078432621e+02,9.250968411025795035e-03,-2.476215106087909490e+01,9.660232605903276148e-01
2.850426320853431434e+02,9.166045126230981666e-03,-2.500327271018623421e+01,9.660296317771654984e-01
2.876854090190591364e+02,9.081900763225014828e-03,-2.524662806801822867e+01,9.660358869013794259e-01
2.903526884977811164e+02,8.998528192238897105e-03,-2.549224308943549033e+01,9.660422328398015068e-01
2.930446976972138486e+02,8.915920348435912857e-03,-2.574012393577988789e+01,9.660481555303324086e-01
2.957616658993250667e+02,8.834070231326984768e-03,-2.599031033793293588e+01,9.660542845593385053e-01
2.985038245118729492e+02,8.752970904194024016e-03,-2.624281529917627864e+01,9.660603692402424114e-01
3.012714070881161206e+02,8.672615493513946561e-03,-2.649765518750076154e+01,9.660661540842540029e-01
3.040646493467062328e+02,8.592997188392015318e-03,-2.675487174899886256e+01,9.660724380727496730e-01
3.068837891917639240e+02,8.514109239997402767e-03,-2.701446423372608407e+01,9.660783379069088905e-01
3.097290667331406553e+02,8.435944961004970821e-03,-2.727645535768309770e+01,9.660838967086939899e-01
3.126007243068700063e+02,8.358497725040603399e-03,-2.754089075490536231e+01,9.660900675266093085e-01
3.154990064958082030e+02,8.281760966133422386e-03,-2.780776520785114769e+01,9.660956154091386860e-01
3.184241601504649566e+02,8.205728178170668130e-03,-2.807712183169768849e+01,9.661014977290730554e-01
3.213764344100275707e+02,8.130392914358575140e-03,-2.834896399238865428e+01,9.661069062490692527e-01
3.243560807235808170e+02,8.055748786687244589e-03,-2.862334010756179836e+01,9.661127212111182416e-01
3.273633528715241141e+02,7.981789465401067929e-03,-2.890025103343622703e+01,9.661182284967337885e-01
3.303985069871854989e+02,7.908508678473147313e-03,-2.917974032359112613e+01,9.661241010448839983e-01
3.334618015786362548e+02,7.835900211084378952e-03,-2.946180291541502072e+01,9.661292475598757257e-01
3.365534975507090962e+02,7.763957905106977364e-03,-2.974648571031699262e+01,9.661346458467756637e-01
3.396738582272202507e+02,7.692675658592440513e-03,-3.003380959381614090e+01,9.661400090122527207e-01
3.428231493733966886e+02,7.622047425265510157e-03,-3.032380770558469507e+01,9.661456058515682788e-01
3.460016392185108884e+02,7.552067214020574681e-03,-3.061648107572444388e+01,9.661507847060493148e-01
3.492095984787267753e+02,7.482729088422512831e-03,-3.091187719600145201e+01,9.661562104542017471e-01
3.524473003801580262e+02,7.414027166213310593e-03,-3.120999954166676105e+01,9.661612238313765921e-01
3.557150206821382312e+02,7.345955618823785116e-03,-3.151088792845586539e+01,9.661663357050735979e-01
3.590130377007068319e+02,7.278508670885752707e-03,-3.181455455976327329e+01,9.661709602486997506e-01
3.623416323323145889e+02,7.211680599752412490e-03,-3.212106337757347774e+01,9.661764499662857109e-01
3.657010880777485795e+02,7.145465735021172549e-03,-3.243040045635370205e+01,9.661814098993022348e-01
3.690916910662774626e+02,7.079858458061139004e-03,-3.274261029923446387e+01,9.661865584755835457e-01
3.725137300800209346e+02,7.014853201545268035e-03,-3.305770923348804757e+01,9.661914062338243792e-01
3.759674965785463883e+02,6.950444448983850165e-03,-3.337572799949149527e+01,9.661962007890150250e-01
3.794532847236934572e+02,6.886626734266432237e-03,-3.369669306015317289e+01,9.662009884169161511e-01
3.829713914046276955e+02,6.823394641205737798e-03,-3.402063435023003990e+01,9.662057813305909848e-01
3.865221162631261791e+02,6.760742803083807928e-03,-3.434757731092290101e+01,9.662103422756700422e-01
3.901057617190989504e+02,6.698665902205025446e-03,-3.467756192735137688e+01,9.662152726620074628e-01
3.937226329963474996e+02,6.637158669452913884e-03,-3.501060941351250477e+01,9.662201541332140486e-01
3.973730381485604539e+02,6.576215883847380539e-03,-3.534674192289889305e+01,9.662251001095663039e-01
4.010572880855496010e+02,6.515832372110397230e-03,-3.568596969427410670e+01,9.662293081907916692e-01
4.047756965997318161e+02,6.456003008233679452e-03,-3.602836838074184556e+01,9.662342166999779991e-01
4.085285803928557016e+02,6.396722713048585973e-03,-3.637391705231823380e+01,9.662384335818605674e-01
4.123162591029748114e+02,6.337986453802679776e-03,-3.672268045431235350e+01,9.662428900792432440e-01
4.161390553316707042e+02,6.279789243738509441e-03,-3.707467939508295274e+01,9.662474145871577935e-01
4.199972946715301987e+02,6.222126141675499156e-03,-3.742994701135722835e+01,9.662519425946676233e-01
4.238913057338774593e+02,6.164992251597389838e-03,-3.778848888691909025e+01,9.662560826791706248e-01
4.278214201767613076e+02,6.108382722241900709e-03,-3.815036668898493133e+01,9.662604263748448830e-01
4.317879727332016842e+02,6.052292746694387660e-03,-3.851560198733040608e+01,9.662647500395508127e-01
4.357913012397020793e+02,5.996717561985720479e-03,-3.888421231001863987e+01,9.662687752421841303e-01
4.398317466650219103e+02,5.941652448692824606e-03,-3.925624711661043875e+01,9.662729153724640696e-01
4.439096531392166298e+02,5.887092730543219687e-03,-3.963172910812615157e+01,9.662770589559788181e-01
4.480253679829485236e+02,5.833033774023776985e-03,-4.001069830431578112e+01,9.662812673310088307e-01
4.521792417370692760e+02,5.779470987991253139e-03,-4.039318485926957436e+01,9.662856213926411808e-01
4.563716281924753844e+02,5.726399823287930957e-03,-4.077921110953351302e+01,9.662897114734363413e-01
4.606028844202398318e+02,5.673815772359924736e-03,-4.116881184639794355e+01,9.662936223387370571e-01
4.648733708020251925e+02,5.621714368879704438e-03,-4.156202844843737410e+01,9.662976726387840776e-01
4.691834510607789070e+02,5.570091187370174168e-03,-4.195887869094168821e+01,9.663013424816604413e-01
4.735334922917111271e+02,5.518941842834301781e-03,-4.235943306856438539e+01,9.663056621723404849e-01
4.779238649935595049e+02,5.468261990386302784e-03,-4.276368302108318886e+01,9.663094375031067162e-01
4.823549431001462153e+02,5.418047324888153327e-03,-4.317169170624475072e+01,9.663134207802294151e-01
4.868271040122273803e+02,5.368293580585659086e-03,-4.358346107566763550e+01,9.663169296084785920e-01
4.913407286296356915e+02,5.318996530753183904e-03,-4.399907101718396518e+01,9.663209539749915145e-01
4.958962013837211771e+02,5.270151987337046151e-03,-4.441852291251571216e+01,9.663246329906923782e-01
5.004939102700948297e+02,5.221755800602689845e-03,-4.484185984101701905e+01,9.663282319239243634e-01
5.051342468816756082e+02,5.173803858788517118e-03,-4.526912844532736102e+01,9.663319011189113183e-01
5.098176064420419493e+02,5.126292087757500227e-03,-4.570035080323361143e+01,9.663354633878802336e-01
5.145443878390924510e+02,5.079216450656565129e-03,-4.613560293235831722e+01,9.663396437597551181e-01
5.193149936590207290e+02,5.032572947577529376e-03,-4.657485649422202556e+01,9.663430416150913249e-01
5.241298302206050721e+02,4.986357615218706130e-03,-4.701817706162727006e+01,9.663463305501839296e-01
5.289893076098145457e+02,4.940566526553613613e-03,-4.746564084518792015e+01,9.663502940624086879e-01
5.338938397147350088e+02,4.895195790498796384e-03,-4.791722504294006058e+01,9.663535708672184033e-01
5.388438442608218111e+02,4.850241551588529987e-03,-4.837301514638492961e+01,9.663572418467064606e-01
5.438397428464789982e+02,4.805699989649081516e-03,-4.883302180718587948e+01,9.663606793948626983e-01
5.488819609789666174e+02,4.761567319477189031e-03,-4.929727765814723739e+01,9.663638640829597115e-01
5.539709281106399885e+02,4.717839790521427545e-03,-4.976585236869748030e+01,9.663672162375687158e-01
5.591070776755286715e+02,4.674513686567571824e-03,-5.023876501316220811e+01,9.663704727786133208e-01
5.642908471262530838e+02,4.631585325424181221e-03,-5.071607076249415513e+01,9.663737951218580591e-01
5.695226779712819507e+02,4.589051058613291545e-03,-5.119781510382593126e+01,9.663774702786620541e-01
5.748030158125351363e+02,4.546907271063549416e-03,-5.168398031482100663e+01,9.663802466645345923e-01
5.801323103833371988e+02,4.505150380804456844e-03,-5.217472159286445077e+01,9.663841364867107320e-01
5.855110155867231470e+02,4.463776838665722835e-03,-5.266996100758844079e+01,9.663871778813564184e-01
5.909395895340965126e+02,4.422783127977947260e-03,-5.316980687103932723e+01,9.663904213321579117e-01
5.964184945842459911e+02,4.382165764276191311e-03,-5.367426479937240913e+01,9.663931857204552944e-01
6.019481973827267893e+02,4.341921295005324311e-03,-5.418342138883241432e+01,9.663964619653309107e-01
6.075291689016064538e+02,4.302046299230921633e-03,-5.469731008496642488e+01,9.663997293312338588e-01
6.131618844795768837e+02,4.262537387349496498e-03,-5.521595120282914593e+01,9.664029165630280138e-01
6.188468238624383275e+02,4.223391200802506518e-03,-5.573938583969124494e+01,9.664056784724613935e-01
6.245844712439611612e+02,4.184604411794801138e-03,-5.626770105937205813e+01,9.664089947711973494e-01
6.303753153071268116e+02,4.146173723011514767e-03,-5.680089044504114781e+01,9.664118287855699707e-01
6.362198492657482802e+02,4.108095867342065333e-03,-5.733901203944304825e+01,9.664144256178859305e-01
6.421185709064751563e+02,4.070367607603042615e-03,-5.788214668335766078e+01,9.664174820137283461e-01
6.480719826311957377e+02,4.032985736266869736e-03,-5.843030481414973565e+01,9.664202681212896717e-01
6.540805914998245498e+02,3.995947075188466258e-03,-5.898354432954711513e+01,9.664230068490329284e-01
6.601449092734883379e+02,3.959248475339904871e-03,-5.954194958532640669e+01,9.664263390877031457e-01
6.662654524581142823e+02,3.922886816542625610e-03,-6.010547736472911851e+01,9.664287654619256873e-01
6.724427423484235078e+02,3.886859007204979122e-03,-6.067424599537956453e+01,9.664313857267953223e-01
6.786773050723288634e+02,3.851161984060658128e-03,-6.124831471186538323e+01,9.664344847270724959e-01
6.849696716357440209e+02,3.815792711911125679e-03,-6.182770187124474859e+01,9.664374643508079066e-01
6.913203779678120782e+02,3.780748183367821369e-03,-6.241243654917026618e+01,9.664400710066469724e-01
6.977299649665524157e+02,3.746025418599474577e-03,-6.300260560777261531e+01,9.664428074753341757e-01
7.041989785449280816e+02,3.711621465079861792e-03,-6.359825115504672510e+01,9.664455970352602288e-01
7.107279696773412070e+02,3.677533397338450527e-03,-6.419940816072428902e+01,9.664482202782219700e-01
7.173174944465605449e+02,3.643758316712819578e-03,-6.480615139215817067e+01,9.664509919307925356e-01
7.239681140910862496e+02,3.610293351105298143e-03,-6.541849256970400006e+01,9.664533320223139823e-01
7.306803950529491658e+02,3.577135654738050619e-03,-6.603652520092094846e+01,9.664558736245709714e-01
7.374549090259546347e+02,3.544282407915044786e-03,-6.666027997156936635e+01,9.664583127210492064e-01
7.442922330043750208e+02,3.511730816781355458e-03,-6.728983467140034236e+01,9.664608691828908693e-01
7.511929493320952815e+02,3.479478113088685376e-03,-6.792522044639393641e+01,9.664634123300810398e-01
7.581576457522102146e+02,3.447521553961552243e-03,-6.856651280964860007e+01,9.664661366325784098e-01
7.651869154570817955e+02,3.415858421663475752e-03,-6.921375938134008265e+01,9.664689901879778278e-01
7.722813571388634273e+02,3.384486023369159824e-03,-6.986695188993058991e+01,9.664709927336201378e-01
7.794415750404934897e+02,3.353401690936674839e-03,-7.052623729295123667e+01,9.664734864827607685e-01
7.866681790071573914e+02,3.322602780680306012e-03,-7.119162572436999881e+01,9.664758897456042774e-01
7.939617845382275618e+02,3.292086673148730824e-03,-7.186316782482739995e+01,9.664780072528057486e-01
8.013230128396878627e+02,3.261850772902086248e-03,-7.254095716897344914e+01,9.664804396187790525e-01
8.087524908770441243e+02,3.231892508294365030e-03,-7.322501645020216188e+01,9.664826390254794841e-01
8.162508514287220578e+02,3.202209331252925395e-03,-7.391544575696775610e+01,9.664851778580312303e-01
8.238187331399601590e+02,3.172798717066216412e-03,-7.461227175062072092e+01,9.664876785150433580e-01
8.314567805772055635e+02,3.143658164167284497e-03,-7.531553216158096120e+01,9.664897810376322784e-01
8.391656442830144442e+02,3.114785193925051487e-03,-7.602533401830331172e+01,9.664921250450063672e-01
8.469459808314576321e+02,3.086177350431373867e-03,-7.674172024706433604e+01,9.664945468764800651e-01
8.547984528840405574e+02,3.057832200295429459e-03,-7.746471820009531939e+01,9.664965119086366130e-01
8.627237292461442166e+02,3.029747332437882079e-03,-7.819440269254823761e+01,9.664982597241634776e-01
8.707224849239903506e+02,3.001920357884824142e-03,-7.893092411810869180e+01,9.665008771112697517e-01
8.787954011821310587e+02,2.974348909568380606e-03,-7.967425338794903666e+01,9.665032427999409315e-01
8.869431656014704686e+02,2.947030642123760202e-03,-8.042438662275202432e+01,9.665044577982102592e-01
8.951664721378292597e+02,2.919963231691635741e-03,-8.118163780778799321e+01,9.665077305467667523e-01
9.034660211810515875e+02,2.893144375722522810e-03,-8.194579768913425255e+01,9.665096005510659394e-01
9.118425196146562257e+02,2.866571792779826211e-03,-8.271705424596223111e+01,9.665115573100444557e-01
9.202966808760410231e+02,2.840243222348437513e-03,-8.349548185435452297e+01,9.665137732061857001e-01
9.288292250172479498e+02,2.814156424642888510e-03,-8.428109372588927783e+01,9.665155721599825167e-01
9.374408787662981695e+02,2.788309180415726729e-03,-8.507400265079695600e+01,9.665175267620577104e-01
9.461323755890759912e+02,2.762699290772996363e-03,-8.587426372358841320e+01,9.665194523645310731e-01
9.549044557518068359e+02,2.737324576985056268e-03,-8.668197281646713748e+01,9.665216913223125816e-01
9.637578663841069329e+02,2.712182880304059296e-03,-8.749714019133513432e+01,9.665235478761508015e-01
9.726933615426158894e+02,2.687272061779433230e-03,-8.831987772536854209e+01,9.665255443819182890e-01
9.817117022752183857e+02,2.662590002077802609e-03,-8.915022313813381061e+01,9.665273491676283912e-01
9.908136566858655669e+02,2.638134601303132598e-03,-8.998833566550266028e+01,9.665297940014665468e-01
9.999999999999989768e+02,2.613903778818649215e-03,-9.083414843107473757e+01,9.665315715373646865e-01
